filepath,phash,label_id,label_name,pred_label,pred_true
train_data/0/video_2020-03-18_11700_4.jpg,86d348d8332df336,0,0,0,0
train_data/0/video_2020-03-18_11700_28.jpg,89d456c5392ab95d,0,0,0,0
train_data/0/video_2020-03-18_11700_32.jpg,d2d22d8c3333d333,0,0,0,0
train_data/0/video_2020-03-18_11700_35.jpg,878778986668e667,0,0,0,0
train_data/0/video_2020-03-18_11700_54.jpg,878678d9666b8726,0,0,0,0
train_data/0/video_2020-03-18_11700_57.jpg,d2d22d0cb331cdb3,0,0,0,0
train_data/0/video_2020-03-18_11700_58.jpg,c8c83727b839a7b8,0,0,0,0
train_data/0/video_2020-03-18_11700_61.jpg,87877859666687a6,0,0,0,0
train_data/0/video_2020-03-18_11700_64.jpg,d22d2db233c8d34d,0,0,0,0
train_data/0/video_2020-03-18_11700_195.jpg,8787798c27608777,0,0,0,0
train_data/0/video_2020-03-18_11700_203.jpg,dbfb04c63824b939,0,0,0,0
train_data/0/video_2020-03-18_11700_206.jpg,d2d22ccc3135f2b3,0,0,0,0
train_data/0/video_2020-03-18_11700_207.jpg,d2d12ce033c7b3d4,0,0,0,0
train_data/0/video_2020-03-18_11700_213.jpg,d2856d48f236eae2,0,0,0,0
train_data/0/video_2020-03-18_11700_217.jpg,873969b2338cd64d,0,0,0,0
train_data/0/video_2020-03-18_11700_225.jpg,c1d126ce392eb939,0,0,0,0
train_data/0/video_2020-03-18_11700_244.jpg,8b745cb3338ba34c,0,0,0,0
train_data/0/video_2020-03-18_11700_245.jpg,db8b06e438a1b9a7,0,0,0,0
train_data/0/video_2020-03-18_14100_12.jpg,d2d22d4d332d0f33,0,0,0,0
train_data/0/video_2020-03-18_14100_38.jpg,87e778a0663a8759,0,0,0,0
train_data/0/video_2020-03-18_14100_39.jpg,c1b9268339add92d,0,0,0,0
train_data/0/video_2020-03-18_14100_43.jpg,d2c42cc933e1b3f4,0,0,0,0
train_data/0/video_2020-03-18_14100_47.jpg,d7df28a8776dc200,0,0,0,0
train_data/0/video_2020-03-18_14100_206.jpg,d2d32c0c3335d3b3,0,0,0,0
train_data/0/video_2020-03-18_14100_233.jpg,d3d22898723cd6e3,0,0,0,0
train_data/0/video_2020-03-18_14100_253.jpg,c1d12ec73e0e3939,0,0,0,0
train_data/0/video_2020-03-18_15000_15.jpg,d2d22c4c3335f1b3,0,0,0,0
train_data/0/video_2020-03-18_15000_29.jpg,c12e26b939c179ce,0,0,0,0
train_data/0/video_2020-03-18_15000_32.jpg,d2d22d0d3333d333,0,0,0,0
train_data/0/video_2020-03-18_15000_39.jpg,c1bc26b339ccd16c,0,0,0,0
train_data/0/video_2020-03-18_15000_43.jpg,d2c82ce931f1b387,0,0,0,0
train_data/0/video_2020-03-18_15000_50.jpg,87867879e6669706,0,0,0,0
train_data/0/video_2020-03-18_15000_65.jpg,d2d32d4c323dd133,0,0,0,0
train_data/0/video_2020-03-18_15000_68.jpg,97c319cc322df326,0,0,0,0
train_data/0/video_2020-03-18_15000_214.jpg,c6c16949b3338bb3,0,0,0,0
train_data/0/video_2020-03-18_15000_228.jpg,d2d22ccc332db333,0,0,0,0
train_data/0/video_2020-03-18_15000_233.jpg,d2c66d08767cc7a2,0,0,0,0
train_data/0/video_2020-03-18_15000_252.jpg,87c719c93369a3a6,0,0,0,0
train_data/0/video_2020-03-18_16200_35.jpg,878779f86600e6e6,0,0,0,0
train_data/0/video_2020-03-18_16200_39.jpg,c1b126b339add12d,0,0,0,0
train_data/0/video_2020-03-18_16200_55.jpg,d2d22ccc313dd2b3,0,0,0,0
train_data/0/video_2020-03-18_16200_57.jpg,d2d22d0cb135cdb3,0,0,0,0
train_data/0/video_2020-03-18_16200_120.jpg,92836d98662db2b7,0,0,0,0
train_data/0/video_2020-03-18_16200_132.jpg,8606791967792767,0,0,0,0
train_data/0/video_2020-03-18_16200_144.jpg,c6d3498c271d2737,0,0,0,0
train_data/0/video_2020-03-18_16200_193.jpg,c6862c893373d376,0,0,0,0
train_data/0/video_2020-03-18_16200_196.jpg,d3d319bc3281f383,0,0,0,0
train_data/0/video_2020-03-18_16200_200.jpg,dbb904a238a3b9f1,0,0,0,0
train_data/0/video_2020-03-18_17100_4.jpg,86d30dd8332db336,0,0,0,0
train_data/0/video_2020-03-18_16200_207.jpg,d2b92ce831c6b3c5,0,0,0,0
train_data/0/video_2020-03-18_16200_228.jpg,d2d22ccc333db332,0,0,0,0
train_data/0/video_2020-03-18_17100_14.jpg,c2c159d8332ef2b3,0,0,0,0
train_data/0/video_2020-03-18_17100_15.jpg,dba824a63956f919,0,0,0,0
train_data/0/video_2020-03-18_17100_19.jpg,d2b22cb033aaf32e,0,0,0,0
train_data/0/video_2020-03-18_17100_37.jpg,c1b926b3398dd12d,0,0,0,0
train_data/0/video_2020-03-18_17100_147.jpg,86d108e337e6a3e9,0,0,0,0
train_data/0/video_2020-03-18_17100_179.jpg,89a956c63156b9b9,0,0,0,0
train_data/0/video_2020-03-18_17100_190.jpg,83d37c8d23749627,0,0,0,0
train_data/0/video_2020-03-18_17100_204.jpg,868359c8332fe3b3,0,0,0,0
train_data/0/video_2020-03-18_17100_220.jpg,c1d026ce393eb939,0,0,0,0
train_data/0/video_2020-03-18_17100_224.jpg,c2a9498b378ba3ad,0,0,0,0
train_data/0/video_2020-03-18_17100_230.jpg,89a956463356bb39,0,0,0,0
train_data/0/video_2020-03-18_17100_231.jpg,dbdb04063834f9b9,0,0,0,0
train_data/0/video_2020-03-18_17100_238.jpg,dbeb048538a1b9a7,0,0,0,0
train_data/0/video_2020-03-18_18000_1.jpg,92d65949766c1c67,0,0,0,0
train_data/0/video_2020-03-18_18000_29.jpg,c12e2eb139c971ce,0,0,0,0
train_data/0/video_2020-03-18_18000_33.jpg,c1d926a63939d939,0,0,0,0
train_data/0/video_2020-03-18_18000_43.jpg,d2e02cab33e1b3d2,0,0,0,0
train_data/0/video_2020-03-18_18000_50.jpg,87877858e6669707,0,0,0,0
train_data/0/video_2020-03-18_18000_64.jpg,d22d2cb233ced34c,0,0,0,0
train_data/0/video_2020-03-18_18000_194.jpg,8393599c622ce6e7,0,0,0,0
train_data/0/video_2020-03-18_18000_199.jpg,86834dc8732fe2b6,0,0,0,0
train_data/0/video_2020-03-18_18000_209.jpg,c68349d8332fe3a3,0,0,0,0
train_data/0/video_2020-03-18_18000_220.jpg,878778d86668c6e6,0,0,0,0
train_data/0/video_2020-03-18_18000_228.jpg,d2d02ccd333cf332,0,0,0,0
train_data/0/video_2020-03-18_18000_232.jpg,c78549d9332ba327,0,0,0,0
train_data/0/video_2020-03-18_19800_4.jpg,86930dc8372ef636,0,0,0,0
train_data/0/video_2020-03-18_19800_25.jpg,d3ca289e72e8c257,0,0,0,0
train_data/0/video_2020-03-18_19800_28.jpg,a9f456c5396eb920,0,0,0,0
train_data/0/video_2020-03-18_19800_46.jpg,d2e42d97336ed244,0,0,0,0
train_data/0/video_2020-03-18_19800_62.jpg,8693290cf327ceb3,0,0,0,0
train_data/0/video_2020-03-18_19800_196.jpg,d3c109fc72a0f3c3,0,0,0,0
train_data/0/video_2020-03-18_19800_209.jpg,86c36918363bf327,0,0,0,0
train_data/0/video_2020-03-18_19800_214.jpg,86c32949b333abb3,0,0,0,0
train_data/0/video_2020-03-18_19800_217.jpg,923959f637cc9609,0,0,0,0
train_data/0/video_2020-03-18_19800_229.jpg,c2e9499b23aaa3ec,0,0,0,0
train_data/0/video_2020-03-18_19800_252.jpg,c6815989332bf3e3,0,0,0,0
train_data/0/video_2020-03-18_19800_253.jpg,c1d92ec63e0e3939,0,0,0,0
train_data/0/video_2020-03-18_20400_9.jpg,d2d32ccc312d3733,0,0,0,0
train_data/0/video_2020-03-18_20400_24.jpg,8e8e71936c61acec,0,0,0,0
train_data/0/video_2020-03-18_20400_28.jpg,89b256e9392ab955,0,0,0,0
train_data/0/video_2020-03-18_20400_32.jpg,d2d02d8d3333d333,0,0,0,0
train_data/0/video_2020-03-18_20400_47.jpg,d7d628e87738920d,0,0,0,0
train_data/0/video_2020-03-18_20400_109.jpg,dbdb06c638063d39,0,0,0,0
train_data/0/video_2020-03-18_20400_181.jpg,c1d926c63926f939,0,0,0,0
train_data/0/video_2020-03-23_03300_10.jpg,c2d65ccd671c6523,0,0,0,0
train_data/0/video_2020-03-23_03300_25.jpg,d2d30ccc3f0e3333,0,0,0,0
train_data/0/video_2020-03-23_03300_29.jpg,a3a75818657c5a67,0,0,0,0
train_data/0/video_2020-03-23_03300_39.jpg,c3d75ccd66186463,0,0,0,0
train_data/0/video_2020-03-23_03300_44.jpg,83c7184d676e1c67,0,0,0,0
train_data/0/video_2020-03-23_03300_65.jpg,92910ddc366cf636,0,0,0,0
train_data/0/video_2020-03-23_03300_70.jpg,c2d10dd8366ee636,0,0,0,0
train_data/0/video_2020-03-23_03300_80.jpg,8787799966782666,0,0,0,0
train_data/0/video_2020-03-23_03300_85.jpg,d2d22c4ccd3e0dcb,0,0,0,0
train_data/0/video_2020-03-23_03300_109.jpg,8786791966799966,0,0,0,0
train_data/0/video_2020-03-23_03300_133.jpg,8786799964796666,0,0,0,0
train_data/0/video_2020-03-23_03300_225.jpg,dbdb06463b264639,0,0,0,0
train_data/0/video_2020-03-23_03300_240.jpg,96f10dd626c6a6e4,0,0,0,0
train_data/0/video_2020-03-23_03300_245.jpg,83d1190b637c5d73,0,0,0,0
train_data/0/video_2020-03-23_03300_275.jpg,c3d75c8d66196523,0,0,0,0
train_data/0/video_2020-03-23_03300_279.jpg,878678996678a6e6,0,0,0,0
train_data/0/video_2020-03-23_03300_280.jpg,dbb904a738a1b9e1,0,0,0,0
train_data/0/video_2020-03-23_05400_9.jpg,c3935c18cd6f1d64,0,0,0,0
train_data/0/video_2020-03-23_05400_65.jpg,96d70dd8362ce626,0,0,0,0
train_data/0/video_2020-03-23_05400_85.jpg,d2d22c4dcd3e0d69,0,0,0,0
train_data/0/video_2020-03-23_05400_141.jpg,87870dc8332fe336,0,0,0,0
train_data/0/video_2020-03-23_05400_224.jpg,c6c6594c8d7b1c36,0,0,0,0
train_data/0/video_2020-03-23_05400_229.jpg,83c7584d277b1c27,0,0,0,0
train_data/0/video_2020-03-23_05400_254.jpg,c2d64949dc3e5927,0,0,0,0
train_data/0/video_2020-03-23_05400_255.jpg,d2d32d4c332f4c33,0,0,0,0
train_data/0/video_2020-03-23_05400_280.jpg,dbb904b438a1b9f2,0,0,0,0
train_data/0/video_2020-03-23_05400_300.jpg,c6c649cd235c3733,0,0,0,0
train_data/0/video_2020-03-23_07500_20.jpg,d2d659cd63496523,0,0,0,0
train_data/0/video_2020-03-23_07500_23.jpg,c3865cc9675ca527,0,0,0,0
train_data/0/video_2020-03-23_07500_35.jpg,d2d32dcc312c3733,0,0,0,0
train_data/0/video_2020-03-23_07500_44.jpg,9787584c737b1c25,0,0,0,0
train_data/0/video_2020-03-23_07500_54.jpg,c7c159d8362ce327,0,0,0,0
train_data/0/video_2020-03-23_07500_55.jpg,d68749c8273cb636,0,0,0,0
train_data/0/video_2020-03-23_07500_63.jpg,96c5499e376aa326,0,0,0,0
train_data/0/video_2020-03-23_07500_69.jpg,c7c649cd671c3523,0,0,0,0
train_data/0/video_2020-03-23_07500_93.jpg,87d319c83369f326,0,0,0,0
train_data/0/video_2020-03-23_07500_97.jpg,d2d32c4c332d4f33,0,0,0,0
train_data/0/video_2020-03-23_07500_224.jpg,c3c1585ccf3b1c36,0,0,0,0
train_data/0/video_2020-03-23_07500_228.jpg,c3c75c4d27791c23,0,0,0,0
train_data/0/video_2020-03-23_07500_244.jpg,83cc0d8e7683e3f1,0,0,0,0
train_data/0/video_2020-03-23_07500_265.jpg,d2831d8d991dc9d9,0,0,0,0
train_data/0/video_2020-03-23_07500_269.jpg,869349d9632da337,0,0,0,0
train_data/0/video_2020-03-23_07500_301.jpg,c3d64c8d6369a563,0,0,0,0
train_data/0/video_2020-03-23_17400_24.jpg,c69659cd671c6523,0,0,0,0
train_data/0/video_2020-03-23_17400_59.jpg,c3d35848677c1c67,0,0,0,0
train_data/0/video_2020-03-23_17400_65.jpg,86d11dda266cf626,0,0,0,0
train_data/0/video_2020-03-23_17400_85.jpg,d2d22c0dcd3f0d69,0,0,0,0
train_data/0/video_2020-03-23_17400_244.jpg,93f1198e3392b3b1,0,0,0,0
train_data/0/video_2020-03-23_17400_245.jpg,93b1090b637c5e73,0,0,0,0
train_data/0/video_2020-03-23_17400_249.jpg,93c3590c372f1d27,0,0,0,0
train_data/0/video_2020-03-23_17400_254.jpg,96d65849cd6e1d25,0,0,0,0
train_data/0/video_2020-03-23_17400_265.jpg,d2830dcd991dd9c9,0,0,0,0
train_data/0/video_2020-03-23_17400_269.jpg,c6c309c8332de3b7,0,0,0,0
train_data/0/video_2020-03-23_17400_279.jpg,878678996478e6e6,0,0,0,0
train_data/0/video_2020-03-23_17400_290.jpg,c3c75c0d376c1d64,0,0,0,0
train_data/0/video_2020-03-23_17400_300.jpg,c3d759cc235c2723,0,0,0,0
train_data/0/video_2020-03-23_17400_301.jpg,d3c3599d76183463,0,0,0,0
train_data/0/video_2020-03-23_20100_24.jpg,96d6589d661d2533,0,0,0,0
train_data/0/video_2020-03-23_20100_49.jpg,a3a7589865586767,0,0,0,0
train_data/0/video_2020-03-23_20100_50.jpg,c6d648cc6b0d6727,0,0,0,0
train_data/0/video_2020-03-23_20100_54.jpg,86d349d83329f327,0,0,0,0
train_data/0/video_2020-03-23_20100_59.jpg,d2c65c4d643c1d67,0,0,0,0
train_data/0/video_2020-03-23_20100_69.jpg,c3d3598d271c3723,0,0,0,0
train_data/0/video_2020-03-23_20100_85.jpg,d2d22c0dcd3f0d4b,0,0,0,0
train_data/0/video_2020-03-23_20100_150.jpg,d3d32ccc362cdc32,0,0,0,0
train_data/0/video_2020-03-23_20100_225.jpg,dbdb06463f244639,0,0,0,0
train_data/0/video_2020-03-23_20100_279.jpg,878678996678e666,0,0,0,0
train_data/0/video_2020-03-23_11700_58.jpg,83d75cd9671c6423,0,0,0,0
train_data/0/video_2020-03-23_11700_59.jpg,c3d6184d272f1c67,0,0,0,0
train_data/0/video_2020-03-23_11700_110.jpg,d2d32c4c3b3d0d33,0,0,0,0
train_data/0/video_2020-03-23_11700_133.jpg,8786799966786666,0,0,0,0
train_data/0/video_2020-03-23_11700_137.jpg,d2d32c0ccf3d0d33,0,0,0,0
train_data/0/video_2020-03-23_11700_141.jpg,87831ccd3329f726,0,0,0,0
train_data/0/video_2020-03-23_11700_149.jpg,868679996469e6e6,0,0,0,0
train_data/0/video_2020-03-23_11700_198.jpg,c1d926c6392e3b39,0,0,0,0
train_data/0/video_2020-03-23_11700_244.jpg,86e1598e32c7b3b1,0,0,0,0
train_data/0/video_2020-03-23_11700_270.jpg,d2f119e923c3b686,0,0,0,0
train_data/0/video_2020-03-23_11700_275.jpg,c3d35c9d27186527,0,0,0,0
train_data/0/video_2020-03-23_13800_34.jpg,d6d6588d661d6523,0,0,0,0
train_data/0/video_2020-03-23_13800_39.jpg,c3d358d9671d6423,0,0,0,0
train_data/0/video_2020-03-23_13800_45.jpg,dbdb04463f26063b,0,0,0,0
train_data/0/video_2020-03-23_13800_174.jpg,d2d32c4c332f4d33,0,0,0,0
train_data/0/video_2020-03-23_13800_235.jpg,c7d35c9c631d2463,0,0,0,0
train_data/0/video_2020-03-23_13800_248.jpg,93d65858cc7b1d25,0,0,0,0
train_data/0/video_2020-03-23_13800_249.jpg,d3c31c49277c1c67,0,0,0,0
train_data/0/video_2020-03-23_13800_254.jpg,c3d64e0ccd6e5925,0,0,0,0
train_data/0/video_2020-03-23_13800_294.jpg,d2d6580d256e1d67,0,0,0,0
train_data/0/video_2020-03-24_13800_30.jpg,d2d32d4c332d0e73,0,0,0,0
train_data/0/video_2020-03-24_13800_64.jpg,828119db332fb337,0,0,0,0
train_data/0/video_2020-03-24_13800_69.jpg,c3d3499d2319a727,0,0,0,0
train_data/0/video_2020-03-24_13800_84.jpg,c3d15c19733c1e33,0,0,0,0
train_data/0/video_2020-03-24_13800_278.jpg,f6f60dcd3109b232,0,0,0,0
train_data/0/video_2020-03-24_13800_280.jpg,dbaa04b138b1b9e5,0,0,0,0
train_data/0/video_2020-03-24_13800_284.jpg,c1975c9d675c2523,0,0,0,0
train_data/0/video_2020-03-24_13800_290.jpg,c3c71c4d233e1967,0,0,0,0
train_data/0/video_2020-03-24_03300_5.jpg,c6870dcc366cf626,0,0,0,0
train_data/0/video_2020-03-24_03300_25.jpg,d2d30dcc3d0d3333,0,0,0,0
train_data/0/video_2020-03-24_03300_50.jpg,d2c658cc6b4d6723,0,0,0,0
train_data/0/video_2020-03-24_03300_70.jpg,c6d50dd8366ce626,0,0,0,0
train_data/0/video_2020-03-24_03300_249.jpg,91c35c4d276e1d27,0,0,0,0
train_data/0/video_2020-03-24_03300_274.jpg,d2d32d4c352d4e33,0,0,0,0
train_data/0/video_2020-03-24_03300_280.jpg,dbbb04b138b1b9e0,0,0,0,0
train_data/0/video_2020-03-24_03300_294.jpg,82d6494d373e5c27,0,0,0,0
train_data/0/video_2020-03-24_04200_14.jpg,d6d65899661d6523,0,0,0,0
train_data/0/video_2020-03-24_04200_48.jpg,86d34988732be736,0,0,0,0
train_data/0/video_2020-03-24_04200_59.jpg,93d3585c676c1c27,0,0,0,0
train_data/0/video_2020-03-24_04200_70.jpg,82d11dde272ce666,0,0,0,0
train_data/0/video_2020-03-24_04200_85.jpg,d2d22c4ccd3e0fc9,0,0,0,0
train_data/0/video_2020-03-24_04200_244.jpg,86c9489e72c3f3b1,0,0,0,0
train_data/0/video_2020-03-24_04200_254.jpg,c2d6495ccd2f4d25,0,0,0,0
train_data/0/video_2020-03-24_04200_259.jpg,c3c71c4d37681c67,0,0,0,0
train_data/0/video_2020-03-24_04200_278.jpg,f6f20dcd3129b232,0,0,0,0
train_data/0/video_2020-03-24_04200_280.jpg,dbab04b438b1b9e1,0,0,0,0
train_data/0/video_2020-03-24_04200_289.jpg,d6c65c09dc3b5c25,0,0,0,0
train_data/0/video_2020-03-24_04200_294.jpg,d3c75c4937681c27,0,0,0,0
train_data/0/video_2020-03-24_04200_298.jpg,c3c25c9d271da563,0,0,0,0
train_data/0/video_2020-03-24_05700_19.jpg,c3d35c9d671c6423,0,0,0,0
train_data/0/video_2020-03-24_05700_54.jpg,86d70dd8362ce327,0,0,0,0
train_data/0/video_2020-03-24_05700_220.jpg,d2d32d4c352f4c33,0,0,0,0
train_data/0/video_2020-03-24_05700_230.jpg,c3c7594c33791c27,0,0,0,0
train_data/0/video_2020-03-24_05700_235.jpg,c3c3599d63193663,0,0,0,0
train_data/0/video_2020-03-24_05700_240.jpg,92f109d327d4e6c6,0,0,0,0
train_data/0/video_2020-03-24_05700_254.jpg,c7964c4dcd3a5c25,0,0,0,0
train_data/0/video_2020-03-24_05700_264.jpg,c3d6484d273e1c67,0,0,0,0
train_data/0/video_2020-03-24_05700_274.jpg,d2d32d4c372d0e33,0,0,0,0
train_data/0/video_2020-03-24_05700_294.jpg,c3c35949363e1c67,0,0,0,0
train_data/0/video_2020-03-24_05700_301.jpg,d696588d2359a733,0,0,0,0
train_data/0/video_2020-03-24_07500_39.jpg,d6c65c8d66196723,0,0,0,0
train_data/0/video_2020-03-24_07500_70.jpg,c6d51dd8362ce626,0,0,0,0
train_data/0/video_2020-03-24_07500_229.jpg,c3c3194d37791c27,0,0,0,0
train_data/0/video_2020-03-24_07500_265.jpg,d6831d8dd919c999,0,0,0,0
train_data/0/video_2020-03-24_07500_269.jpg,87d309c9732ab333,0,0,0,0
train_data/0/video_2020-05-01_03900_9.jpg,c38759cd625c2763,0,0,0,0
train_data/0/video_2020-05-01_03900_57.jpg,c3c3585c8c3b5c37,0,0,0,0
train_data/0/video_2020-05-01_03900_71.jpg,d6d65948cd6b1c25,0,0,0,0
train_data/0/video_2020-05-01_03900_85.jpg,96c65e49dc7a1c25,0,0,0,0
train_data/0/video_2020-05-01_03900_117.jpg,c3c35949df3e1c24,0,0,0,0
train_data/0/video_2020-05-01_03900_127.jpg,c3d2495c9c3b1ca7,0,0,0,0
train_data/0/video_2020-05-01_03900_131.jpg,97c6194d367a1c27,0,0,0,0
train_data/0/video_2020-05-01_03900_137.jpg,c3d31c1b232c5e73,0,0,0,0
train_data/0/video_2020-05-01_03900_150.jpg,c7d3494d37381c27,0,0,0,0
train_data/0/video_2020-05-01_03900_198.jpg,87d7094d377a1c26,0,0,0,0
train_data/0/video_2020-05-01_03900_222.jpg,87d7494d376c1c26,0,0,0,0
train_data/0/video_2020-05-01_03900_272.jpg,83a30c19d77c5c73,0,0,0,0
train_data/0/video_2020-05-01_03900_276.jpg,96c549c8732de2b6,0,0,0,0
train_data/0/video_2020-05-01_03900_301.jpg,c3d65c8d271c7523,0,0,0,0
train_data/0/video_2020-05-01_03900_317.jpg,c3c75c0d272e1c67,0,0,0,0
train_data/0/video_2020-05-01_03900_365.jpg,c6d658cd731c2563,0,0,0,0
train_data/0/video_2020-05-01_03900_371.jpg,c7c359183639e327,0,0,0,0
train_data/0/video_2020-05-01_05400_56.jpg,c3c75848cc7b1c37,0,0,0,0
train_data/0/video_2020-05-01_05400_61.jpg,c3d7185ccd6f1c24,0,0,0,0
train_data/0/video_2020-05-01_05400_65.jpg,c3d35849377c1c65,0,0,0,0
train_data/0/video_2020-05-01_05400_99.jpg,96d6495dc93e4c25,0,0,0,0
train_data/0/video_2020-05-01_05400_101.jpg,c3d7581c8d6f1c34,0,0,0,0
train_data/0/video_2020-05-01_05400_106.jpg,96d6194c776c1c66,0,0,0,0
train_data/0/video_2020-05-01_05400_116.jpg,c3d349498f3a5c27,0,0,0,0
train_data/0/video_2020-05-01_05400_131.jpg,d3c3594d277a1c23,0,0,0,0
train_data/0/video_2020-05-01_05400_170.jpg,c3d65909dc2b5c27,0,0,0,0
train_data/0/video_2020-05-01_05400_242.jpg,87f31cc323c9a68e,0,0,0,0
train_data/0/video_2020-05-01_05400_258.jpg,c6d7499c37193623,0,0,0,0
train_data/0/video_2020-05-01_05400_306.jpg,96d6589d671d6423,0,0,0,0
train_data/0/video_2020-05-01_05400_311.jpg,878349c8732be3b3,0,0,0,0
train_data/0/video_2020-05-01_05400_331.jpg,96d6584d256e1c67,0,0,0,0
train_data/0/video_2020-05-01_05400_337.jpg,c3d61ccd6e1c2723,0,0,0,0
train_data/0/video_2020-05-01_05400_341.jpg,96d6588d67196527,0,0,0,0
train_data/0/video_2020-05-01_05400_398.jpg,c6d349596639a327,0,0,0,0
train_data/0/video_2020-05-01_07500_91.jpg,c696194c756e1c67,0,0,0,0
train_data/0/video_2020-05-01_07500_96.jpg,c3c75c5ccc6e1d24,0,0,0,0
train_data/0/video_2020-05-01_07500_132.jpg,c3c35949376a1c67,0,0,0,0
train_data/0/video_2020-05-01_07500_174.jpg,c7e309c323c9a3cb,0,0,0,0
train_data/0/video_2020-05-01_07500_182.jpg,c6d3499c63492737,0,0,0,0
train_data/0/video_2020-05-01_07500_271.jpg,8393094bcb795c73,0,0,0,0
train_data/0/video_2020-05-01_07500_272.jpg,83d30909c97e5e73,0,0,0,0
train_data/0/video_2020-05-01_07500_377.jpg,c3594c52274b336f,0,0,0,0
train_data/1/video_2020-03-18_11700_0.jpg,939b6c6c66646666,1,1,1,1
train_data/1/video_2020-03-18_11700_49.jpg,998c66b173e499cc,1,1,1,1
train_data/1/video_2020-03-18_11700_77.jpg,cec6319c3938cce3,1,1,1,1
train_data/1/video_2020-03-18_11700_212.jpg,99e466b16699cc99,1,1,1,1
train_data/1/video_2020-03-18_14100_211.jpg,99996666b266b38c,1,1,1,1
train_data/1/video_2020-03-18_14100_230.jpg,9999663733663323,1,1,1,1
train_data/1/video_2020-03-18_14100_271.jpg,969669ec6c69a4c9,1,1,1,1
train_data/1/video_2020-03-18_15000_0.jpg,939a6c6e66646666,1,1,1,1
train_data/1/video_2020-03-18_15000_121.jpg,cec631bc3931c4e3,1,1,1,1
train_data/1/video_2020-03-18_15000_234.jpg,99996699a1639373,1,1,1,1
train_data/1/video_2020-03-18_15000_271.jpg,969669e46969a4cb,1,1,1,1
train_data/1/video_2020-03-18_16200_92.jpg,9bcc643366e299cc,1,1,1,1
train_data/1/video_2020-03-18_16200_149.jpg,9bcc649b66332366,1,1,1,1
train_data/1/video_2020-03-18_16200_234.jpg,9999669b8164b373,1,1,1,1
train_data/1/video_2020-03-18_16200_246.jpg,cdcd23323832b8cf,1,1,1,1
train_data/1/video_2020-03-18_16200_250.jpg,92926db26d65266d,1,1,1,1
train_data/1/video_2020-03-18_17100_38.jpg,9694496c6c69b4db,1,1,1,1
train_data/1/video_2020-03-18_17100_54.jpg,cccc33b1323399e6,1,1,1,1
train_data/1/video_2020-03-18_17100_135.jpg,cec6338e393c3c31,1,1,1,1
train_data/1/video_2020-03-18_17100_192.jpg,939a6c64e664e6d2,1,1,1,1
train_data/1/video_2020-03-18_18000_80.jpg,cccc36b03233dce6,1,1,1,1
train_data/1/video_2020-03-18_18000_211.jpg,99996666b366a38c,1,1,1,1
train_data/1/video_2020-03-18_18000_216.jpg,9be66631649c9b4c,1,1,1,1
train_data/1/video_2020-03-18_18000_234.jpg,9999669b89269b33,1,1,1,1
train_data/1/video_2020-03-18_19800_26.jpg,93986cf664e492cd,1,1,1,1
train_data/1/video_2020-03-18_19800_59.jpg,99996666b266f382,1,1,1,1
train_data/1/video_2020-03-18_19800_266.jpg,9b99662233663367,1,1,1,1
train_data/1/video_2020-03-18_19800_271.jpg,969269ec6d69a4c9,1,1,1,1
train_data/1/video_2020-03-18_20400_6.jpg,9b9964bb66223366,1,1,1,1
train_data/1/video_2020-03-18_20400_137.jpg,ccc636b833b0e6c6,1,1,1,1
train_data/1/video_2020-03-18_20400_266.jpg,9999666731663327,1,1,1,1
train_data/1/video_2020-03-23_03300_7.jpg,9999662373663327,1,1,1,1
train_data/1/video_2020-03-23_03300_37.jpg,969269e46d6c86cb,1,1,1,1
train_data/1/video_2020-03-23_03300_58.jpg,9999669b64663366,1,1,1,1
train_data/1/video_2020-03-23_03300_247.jpg,999b662733663323,1,1,1,1
train_data/1/video_2020-03-23_03300_248.jpg,999964663b663333,1,1,1,1
train_data/1/video_2020-03-23_03300_257.jpg,9999666633663333,1,1,1,1
train_data/1/video_2020-03-23_03300_262.jpg,9999646633667333,1,1,1,1
train_data/1/video_2020-03-23_05400_3.jpg,999964a436669bec,1,1,1,1
train_data/1/video_2020-03-23_05400_7.jpg,9999663673663323,1,1,1,1
train_data/1/video_2020-03-23_05400_32.jpg,96964936696d6c69,1,1,1,1
train_data/1/video_2020-03-23_05400_94.jpg,cccc62b13331d9e6,1,1,1,1
train_data/1/video_2020-03-23_05400_125.jpg,969069e46969b2db,1,1,1,1
train_data/1/video_2020-03-23_05400_137.jpg,cccc676739333131,1,1,1,1
train_data/1/video_2020-03-23_05400_232.jpg,9692696c6c69b6c9,1,1,1,1
train_data/1/video_2020-03-23_05400_247.jpg,9b99666333663323,1,1,1,1
train_data/1/video_2020-03-23_05400_268.jpg,999966b32466b9e4,1,1,1,1
train_data/1/video_2020-03-23_07500_37.jpg,969269e4696d94cb,1,1,1,1
train_data/1/video_2020-03-23_07500_267.jpg,999e66b3662698e4,1,1,1,1
train_data/1/video_2020-03-23_07500_292.jpg,cccd673b31333131,1,1,1,1
train_data/1/video_2020-03-23_07500_296.jpg,929a6d6c66656366,1,1,1,1
train_data/1/video_2020-03-23_17400_37.jpg,969269e46d6c8ccb,1,1,1,1
train_data/1/video_2020-03-23_17400_42.jpg,cdcd6366cc363618,1,1,1,1
train_data/1/video_2020-03-23_17400_122.jpg,9bcc64b164b1eccc,1,1,1,1
train_data/1/video_2020-03-23_17400_227.jpg,999b666633663331,1,1,1,1
train_data/1/video_2020-03-23_17400_293.jpg,9999662733663327,1,1,1,1
train_data/1/video_2020-03-23_20100_7.jpg,9999662373663333,1,1,1,1
train_data/1/video_2020-03-23_20100_253.jpg,9999646733663327,1,1,1,1
train_data/1/video_2020-03-23_20100_268.jpg,999966b03366b1ec,1,1,1,1
train_data/1/video_2020-03-23_11700_2.jpg,92926d66656db2c9,1,1,1,1
train_data/1/video_2020-03-23_11700_63.jpg,99cc66b3662398ec,1,1,1,1
train_data/1/video_2020-03-23_11700_113.jpg,ccce66b03232dce6,1,1,1,1
train_data/1/video_2020-03-23_11700_121.jpg,9bcc64b364b1e4cc,1,1,1,1
train_data/1/video_2020-03-23_11700_222.jpg,9999666639663333,1,1,1,1
train_data/1/video_2020-03-23_13800_42.jpg,cdcd67678c323099,1,1,1,1
train_data/1/video_2020-03-23_13800_243.jpg,9999663623663367,1,1,1,1
train_data/1/video_2020-03-23_13800_282.jpg,999b669366623366,1,1,1,1
train_data/1/video_2020-03-24_13800_227.jpg,9b9b666433643333,1,1,1,1
train_data/1/video_2020-03-24_13800_242.jpg,ccc833b8b2b39ce2,1,1,1,1
train_data/1/video_2020-03-24_13800_287.jpg,9696496b6d69646c,1,1,1,1
train_data/1/video_2020-03-24_13800_288.jpg,939b6d6466646666,1,1,1,1
train_data/1/video_2020-03-24_04200_17.jpg,96964936696d6669,1,1,1,1
train_data/1/video_2020-03-24_04200_37.jpg,969269e4696db4c9,1,1,1,1
train_data/1/video_2020-03-24_04200_42.jpg,cdcd63e6cc323898,1,1,1,1
train_data/1/video_2020-03-24_04200_118.jpg,cdcd663339333131,1,1,1,1
train_data/1/video_2020-03-24_04200_197.jpg,ccc636b033b1e6c6,1,1,1,1
train_data/1/video_2020-03-24_05700_32.jpg,969649346d6d6c69,1,1,1,1
train_data/1/video_2020-03-24_05700_57.jpg,9b99647233663327,1,1,1,1
train_data/1/video_2020-03-24_05700_273.jpg,999b662333663327,1,1,1,1
train_data/1/video_2020-03-24_05700_287.jpg,969649796d69646c,1,1,1,1
train_data/1/video_2020-03-24_07500_68.jpg,cccc671933333173,1,1,1,1
train_data/1/video_2020-03-24_07500_287.jpg,9696496d6d69646c,1,1,1,1
train_data/1/video_2020-05-01_03900_8.jpg,9b99663366623366,1,1,1,1
train_data/1/video_2020-05-01_03900_298.jpg,9999663b26663366,1,1,1,1
train_data/1/video_2020-05-01_05400_5.jpg,939b6d3364656364,1,1,1,1
train_data/1/video_2020-05-01_05400_21.jpg,999c663366239b6c,1,1,1,1
train_data/1/video_2020-05-01_05400_113.jpg,9b99662733663323,1,1,1,1
train_data/1/video_2020-05-01_05400_348.jpg,99cd66b3662689e4,1,1,1,1
train_data/1/video_2020-05-01_05400_379.jpg,9bdd643364223b6c,1,1,1,1
train_data/1/video_2020-05-01_07500_8.jpg,999b663366623366,1,1,1,1
train_data/1/video_2020-05-01_07500_30.jpg,99996466b9663333,1,1,1,1
train_data/1/video_2020-05-01_07500_308.jpg,999966213366b3ec,1,1,1,1
train_data/1/video_2020-05-01_07500_355.jpg,9b9b643366661b64,1,1,1,1
train_data/1/video_2020-05-01_07500_400.jpg,9b9b646173663323,1,1,1,1
train_data/2/video_2020-03-18_11700_63.jpg,c3b07c4c3cb1e34e,2,2,2,2
train_data/2/video_2020-03-18_11700_66.jpg,94b562c878b6e66c,2,2,2,2
train_data/2/video_2020-03-18_11700_78.jpg,c69039ce3cb3e664,2,2,2,2
train_data/2/video_2020-03-18_11700_90.jpg,c6b479cc3c936626,2,2,2,2
train_data/2/video_2020-03-18_11700_102.jpg,c3d23cc56c3c9933,2,2,2,2
train_data/2/video_2020-03-18_11700_113.jpg,db9a24641cf973c4,2,2,2,2
train_data/2/video_2020-03-18_11700_130.jpg,94b2ebc8b0a6cc9b,2,2,2,2
train_data/2/video_2020-03-18_11700_257.jpg,c69039cf3cb2e26c,2,2,2,2
train_data/2/video_2020-03-18_14100_98.jpg,96b563c978b2646c,2,2,2,2
train_data/2/video_2020-03-18_14100_223.jpg,8eae76d15125ac69,2,2,2,2
train_data/2/video_2020-03-18_15000_45.jpg,869279cd3c33c764,2,2,2,2
train_data/2/video_2020-03-18_15000_126.jpg,99a464d276adc94b,2,2,2,2
train_data/2/video_2020-03-18_15000_267.jpg,8eaa64d353366c69,2,2,2,2
train_data/2/video_2020-03-18_16200_23.jpg,c69231cf6c399366,2,2,2,2
train_data/2/video_2020-03-18_16200_41.jpg,c2982c6d3e93f24e,2,2,2,2
train_data/2/video_2020-03-18_16200_205.jpg,c69439cc3cb3e364,2,2,2,2
train_data/2/video_2020-03-18_17100_95.jpg,96336b4930a66d9b,2,2,2,2
train_data/2/video_2020-03-18_18000_3.jpg,c69339cf4c1b3364,2,2,2,2
train_data/2/video_2020-03-18_18000_14.jpg,c69239cd6c399366,2,2,2,2
train_data/2/video_2020-03-18_18000_109.jpg,dbdb3ce6260c3831,2,2,2,2
train_data/2/video_2020-03-18_18000_126.jpg,87a270d878a6e74d,2,2,2,2
train_data/2/video_2020-03-18_19800_154.jpg,969563c95938b665,2,2,2,2
train_data/2/video_2020-03-18_20400_0.jpg,969572ca5938b665,2,2,2,2
train_data/2/video_2020-03-18_20400_22.jpg,c3d238c56d3c9933,2,2,2,2
train_data/2/video_2020-03-18_20400_45.jpg,c69279cd3833c764,2,2,2,2
train_data/2/video_2020-03-18_20400_63.jpg,c3b27c4c3c91e34e,2,2,2,2
train_data/2/video_2020-03-18_20400_130.jpg,96b36b4930a64d9b,2,2,2,2
train_data/2/video_2020-03-18_20400_173.jpg,c2923ce56c3c91f3,2,2,2,2
train_data/2/video_2020-03-23_03300_99.jpg,8eaa66d353346c69,2,2,2,2
train_data/2/video_2020-03-23_03300_127.jpg,8eae66d353306c69,2,2,2,2
train_data/2/video_2020-03-23_03300_155.jpg,8eae64d173a4694b,2,2,2,2
train_data/2/video_2020-03-23_03300_175.jpg,94b76bc839a6658c,2,2,2,2
train_data/2/video_2020-03-23_03300_199.jpg,96b463c979b2646c,2,2,2,2
train_data/2/video_2020-03-23_05400_83.jpg,869739cb4c1c1b37,2,2,2,2
train_data/2/video_2020-03-23_05400_87.jpg,96b462c878b6e66c,2,2,2,2
train_data/2/video_2020-03-23_05400_97.jpg,c3d23cc56e3c9932,2,2,2,2
train_data/2/video_2020-03-23_05400_159.jpg,8eae64d173a46d49,2,2,2,2
train_data/2/video_2020-03-23_05400_175.jpg,94b76bc939a6648c,2,2,2,2
train_data/2/video_2020-03-23_05400_202.jpg,c19836e63e98f133,2,2,2,2
train_data/2/video_2020-03-23_05400_223.jpg,c69539cb4c3c1b33,2,2,2,2
train_data/2/video_2020-03-23_07500_82.jpg,959763cb58783266,2,2,2,2
train_data/2/video_2020-03-23_07500_207.jpg,969563c87932276d,2,2,2,2
train_data/2/video_2020-03-23_17400_7.jpg,c69139cf4c1cb366,2,2,2,2
train_data/2/video_2020-03-23_17400_48.jpg,86b079cc3cb3e664,2,2,2,2
train_data/2/video_2020-03-23_17400_171.jpg,94b563c979b2646c,2,2,2,2
train_data/2/video_2020-03-23_20100_142.jpg,c29a3ccd2c99f362,2,2,2,2
train_data/2/video_2020-03-23_20100_171.jpg,96b562c879b2656c,2,2,2,2
train_data/2/video_2020-03-23_20100_273.jpg,c69539cb4c1cb366,2,2,2,2
train_data/2/video_2020-03-23_11700_101.jpg,96b56b4939a6658c,2,2,2,2
train_data/2/video_2020-03-23_11700_166.jpg,c1d93ee6261e3833,2,2,2,2
train_data/2/video_2020-03-23_13800_207.jpg,969763c97932266c,2,2,2,2
train_data/2/video_2020-03-24_13800_171.jpg,96b463c978b2656c,2,2,2,2
train_data/2/video_2020-03-24_13800_267.jpg,c6b039cc3cb3e364,2,2,2,2
train_data/2/video_2020-03-24_03300_0.jpg,c69139ce6c39b364,2,2,2,2
train_data/2/video_2020-03-24_03300_91.jpg,969763c979322665,2,2,2,2
train_data/2/video_2020-03-24_03300_195.jpg,8eaaa6da53907639,2,2,2,2
train_data/2/video_2020-03-24_03300_199.jpg,96b662c879b2656c,2,2,2,2
train_data/2/video_2020-03-24_04200_47.jpg,869139ce3cb3e664,2,2,2,2
train_data/2/video_2020-03-24_04200_292.jpg,c3d338c56c3c9933,2,2,2,2
train_data/2/video_2020-05-01_03900_314.jpg,c69479cc3cb3e264,2,2,2,2
train_data/2/video_2020-05-01_03900_358.jpg,c69339cf4c193366,2,2,2,2
train_data/2/video_2020-05-01_03900_367.jpg,969563cb7930a665,2,2,2,2
train_data/2/video_2020-05-01_03900_401.jpg,c3d238c56d2c9d33,2,2,2,2
train_data/2/video_2020-05-01_05400_20.jpg,94b56b487836666d,2,2,2,2
train_data/2/video_2020-05-01_05400_35.jpg,c69579cc3c336664,2,2,2,2
train_data/2/video_2020-05-01_05400_98.jpg,d6d63ced4f0d1830,2,2,2,2
train_data/2/video_2020-05-01_05400_361.jpg,c631694d3cb366c6,2,2,2,2
train_data/2/video_2020-05-01_05400_385.jpg,c631694c3cb366c7,2,2,2,2
train_data/2/video_2020-05-01_07500_129.jpg,c69439cb4c1db366,2,2,2,2
train_data/2/video_2020-05-01_07500_197.jpg,c69039cb6c3ab366,2,2,2,2
train_data/2/video_2020-05-01_07500_367.jpg,969563cb7932a664,2,2,2,2
train_data/2/video_2020-05-01_07500_373.jpg,c6b069cc3cb2e6cc,2,2,2,2
train_data/2/video_2020-05-01_07500_404.jpg,c3382c6d3cd366cc,2,2,2,2
train_data/3/video_2020-03-18_11700_11.jpg,949669c93c1c3737,3,3,3,3
train_data/3/video_2020-03-18_11700_27.jpg,d2d02dd03f56f306,3,3,3,3
train_data/3/video_2020-03-18_11700_37.jpg,92926d6d3038c7e7,3,3,3,3
train_data/3/video_2020-03-18_11700_109.jpg,dbdb24e624063b39,3,3,3,3
train_data/3/video_2020-03-18_11700_192.jpg,c9c976a62a16d1b9,3,3,3,3
train_data/3/video_2020-03-18_14100_212.jpg,94e869b63ce3a3c8,3,3,3,3
train_data/3/video_2020-03-18_14100_216.jpg,946c69b43ec3e31c,3,3,8,3
train_data/3/video_2020-03-18_15000_113.jpg,dba4249904f9f9c6,3,3,3,3
train_data/3/video_2020-03-18_15000_243.jpg,948d69963ca6e32d,3,3,3,3
train_data/3/video_2020-03-18_16200_105.jpg,d2d36dcc3d0c3233,3,3,3,3
train_data/3/video_2020-03-18_16200_270.jpg,95966acb78781966,3,3,3,3
train_data/3/video_2020-03-18_17100_67.jpg,dbdb24e61804f939,3,3,3,3
train_data/3/video_2020-03-18_17100_286.jpg,d22d2d933fc0f30c,3,3,9,3
train_data/3/video_2020-03-18_18000_45.jpg,92966de93038c3e7,3,3,9,3
train_data/3/video_2020-03-18_18000_181.jpg,c9c826e43e2ef1b1,3,3,3,3
train_data/3/video_2020-03-18_18000_254.jpg,94946a5a6373f1e4,3,3,3,3
train_data/3/video_2020-03-18_19800_212.jpg,94e869b63ce3e388,3,3,3,3
train_data/3/video_2020-03-18_20400_53.jpg,d2d22d6cbc3e0cb2,3,3,3,3
train_data/3/video_2020-03-23_05400_73.jpg,838b5cc23c58e767,3,3,3,3
train_data/3/video_2020-03-23_17400_137.jpg,d2d22d6cfb2c0c33,3,3,3,3
train_data/3/video_2020-03-23_17400_153.jpg,94146b4679796667,3,3,3,3
train_data/3/video_2020-03-23_17400_223.jpg,94966949cd3c1c77,3,3,3,3
train_data/3/video_2020-03-23_20100_223.jpg,94966b49cd3c1c37,3,3,3,3
train_data/3/video_2020-03-23_11700_186.jpg,d2d26ccc3d0c7333,3,3,3,3
train_data/3/video_2020-03-23_13800_162.jpg,d2d26dcc3d0c3333,3,3,3,3
train_data/3/video_2020-03-24_13800_0.jpg,949469c93c3ce3b3,3,3,3,3
train_data/3/video_2020-03-24_13800_273.jpg,969669c93d1c1976,3,3,3,3
train_data/3/video_2020-03-24_03300_38.jpg,8e8e51d37353136c,3,3,3,3
train_data/3/video_2020-03-24_03300_83.jpg,9696694bcb1c1cd3,3,3,3,3
train_data/3/video_2020-03-24_03300_298.jpg,949669c93e1ca736,3,3,3,3
train_data/3/video_2020-03-24_04200_110.jpg,d2d36dcc3f0c0c33,3,3,3,3
train_data/3/video_2020-03-24_04200_133.jpg,95946bcb78192766,3,3,3,3
train_data/3/video_2020-03-24_04200_149.jpg,94146b5e79786666,3,3,3,3
train_data/3/video_2020-03-24_05700_43.jpg,949669c93f1c1c73,3,3,3,3
train_data/3/video_2020-03-24_05700_58.jpg,969669c93e1c3536,3,3,3,3
train_data/3/video_2020-03-24_05700_182.jpg,d2d26dc13f0ccc33,3,3,3,3
train_data/3/video_2020-03-24_07500_268.jpg,969469c93c3ce3a3,3,3,3,3
train_data/3/video_2020-03-24_07500_296.jpg,95956adb30791966,3,3,3,3
train_data/3/video_2020-05-01_02700_9.jpg,94966bc93e1c3636,3,3,3,3
train_data/3/video_2020-05-01_03900_100.jpg,96966949c73c1c37,3,3,3,3
train_data/3/video_2020-05-01_03900_175.jpg,969669c93c1c1c77,3,3,3,3
train_data/3/video_2020-05-01_03900_191.jpg,969669c93e1c1c73,3,3,3,3
train_data/3/video_2020-05-01_03900_247.jpg,949669c93c1c6737,3,3,3,3
train_data/3/video_2020-05-01_05400_52.jpg,949069c93e3ce3e3,3,3,3,3
train_data/3/video_2020-05-01_05400_75.jpg,94966bc93e1c1967,3,3,3,3
train_data/3/video_2020-05-01_05400_185.jpg,94d469cb3e1ce326,3,3,3,3
train_data/3/video_2020-05-01_05400_290.jpg,949669c93d1c1d37,3,3,3,3
train_data/3/video_2020-05-01_07500_58.jpg,d6d6294df50d0d32,3,3,3,3
train_data/3/video_2020-05-01_07500_147.jpg,969669c93d1c1c37,3,3,3,3
train_data/4/video_2020-03-18_11700_132.jpg,94906bafcc789bc2,4,4,4,4
train_data/4/video_2020-03-18_11700_140.jpg,db892cb46323e4ec,4,4,4,4
train_data/4/video_2020-03-18_11700_148.jpg,969879e16c1c99f1,4,4,4,4
train_data/4/video_2020-03-18_11700_153.jpg,969079e1ec4c99d9,4,4,4,4
train_data/4/video_2020-03-18_11700_164.jpg,969079a1ec4c99db,4,4,4,4
train_data/4/video_2020-03-18_14100_56.jpg,929a6d30e46e9e9c,4,4,4,4
train_data/4/video_2020-03-18_14100_89.jpg,96967931e36c6c89,4,4,4,4
train_data/4/video_2020-03-18_14100_129.jpg,929a79a7e56c0c8d,4,4,4,4
train_data/4/video_2020-03-18_15000_109.jpg,d9c92cbef62301e4,4,4,4,4
train_data/4/video_2020-03-18_15000_201.jpg,969279e1ec4c9b91,4,4,4,4
train_data/4/video_2020-03-18_18000_255.jpg,969a69a7c56c9899,4,4,4,4
train_data/4/video_2020-03-18_19800_169.jpg,969479a1ec4c999b,4,4,4,4
train_data/4/video_2020-03-18_20400_93.jpg,93992ce0e66e9cc9,4,4,4,4
train_data/4/video_2020-03-18_20400_165.jpg,965969e54c98db34,4,4,4,4
train_data/4/video_2020-03-23_05400_122.jpg,969a79e16c1c9993,4,4,4,4
train_data/4/video_2020-03-23_05400_154.jpg,93da2c31e46e0fe1,4,4,4,4
train_data/4/video_2020-03-23_07500_186.jpg,939b2cb0e6660ee5,4,4,4,4
train_data/4/video_2020-03-23_20100_18.jpg,949073a74d7d8bc2,4,4,4,4
train_data/4/video_2020-03-23_20100_213.jpg,969679a16c6c89cb,4,4,4,4
train_data/4/video_2020-03-23_11700_122.jpg,969879e16c1c9b93,4,4,4,4
train_data/4/video_2020-03-23_13800_213.jpg,969679a16d6c89c3,4,4,4,4
train_data/4/video_2020-03-24_13800_1.jpg,96967921e54c9c9b,4,4,4,4
train_data/4/video_2020-03-24_13800_169.jpg,94947aa6cf6d388a,4,4,4,4
train_data/4/video_2020-03-24_03300_98.jpg,db892cb6e3218cdc,4,4,4,4
train_data/4/video_2020-03-24_03300_133.jpg,94947ba6cd6d388a,4,4,4,4
train_data/4/video_2020-03-24_03300_145.jpg,969869e16c1c9bb3,4,4,4,4
train_data/4/video_2020-03-24_03300_206.jpg,d98d3ed0632786e4,4,4,4,4
train_data/4/video_2020-03-24_04200_105.jpg,a9a97464cc4b7bd0,4,4,4,4
train_data/4/video_2020-03-24_04200_121.jpg,969869e56c1c99d3,4,4,4,4
train_data/4/video_2020-03-24_05700_149.jpg,94156b6e4d691b93,4,4,4,4
train_data/4/video_2020-03-24_07500_209.jpg,a9a1746cce4b39d4,4,4,4,4
train_data/4/video_2020-05-01_05400_2.jpg,961879e56c1c9b93,4,4,4,4
train_data/5/video_2020-03-18_11700_2.jpg,c3c36b9c363cc961,5,5,5,5
train_data/5/video_2020-03-18_11700_124.jpg,c7c728b23269e723,5,5,5,5
train_data/5/video_2020-03-18_11700_250.jpg,83c75cb92d18d267,5,5,5,5
train_data/5/video_2020-03-18_14100_156.jpg,86c678b03479cb67,5,5,5,5
train_data/5/video_2020-03-18_14100_160.jpg,c3c12d9e330dcd35,5,5,5,5
train_data/5/video_2020-03-18_15000_194.jpg,c3c37cbc3469c961,5,5,5,5
train_data/5/video_2020-03-18_15000_250.jpg,83c75cbd2d18d263,5,5,5,5
train_data/5/video_2020-03-18_16200_255.jpg,c7c768983238cd67,5,5,5,5
train_data/5/video_2020-03-18_17100_32.jpg,c2c12d9e331fcc71,5,5,5,5
train_data/5/video_2020-03-18_18000_53.jpg,c2c12d1e923eec6d,5,5,5,5
train_data/5/video_2020-03-18_18000_231.jpg,c3c33cb636496335,5,5,5,5
train_data/5/video_2020-03-18_20400_19.jpg,c3c12d9a3b6de132,5,5,5,5
train_data/5/video_2020-03-23_07500_182.jpg,c3c16dc2939ecdc1,5,5,5,5
train_data/5/video_2020-03-23_17400_106.jpg,c7c72998b6388967,5,5,5,5
train_data/5/video_2020-03-23_20100_130.jpg,c3c36996361dc971,5,5,5,5
train_data/5/video_2020-03-23_20100_157.jpg,c3c12d933fcc613c,5,5,5,5
train_data/5/video_2020-03-23_20100_166.jpg,c1c1269f190fe63e,5,5,5,5
train_data/5/video_2020-03-23_20100_206.jpg,c1e02e993bc6723e,5,5,5,5
train_data/5/video_2020-03-23_11700_3.jpg,c3c36d9c362dc961,5,5,5,5
train_data/5/video_2020-03-23_11700_268.jpg,c3c36f9c342dc961,5,5,5,5
train_data/5/video_2020-03-23_13800_118.jpg,c1c12d9e331fcc71,5,5,5,5
train_data/5/video_2020-03-23_13800_149.jpg,86c679b4305bc765,5,5,5,5
train_data/5/video_2020-03-23_13800_238.jpg,c3c33db636496135,5,5,5,5
train_data/5/video_2020-03-24_03300_97.jpg,c3c12d9e333ecc61,5,5,5,5
train_data/5/video_2020-03-24_03300_109.jpg,87c67a913438db66,5,5,5,5
train_data/5/video_2020-03-24_04200_243.jpg,c3c3499e361ccb63,5,5,5,5
train_data/5/video_2020-03-24_07500_18.jpg,87c678b434996679,5,5,5,5
train_data/5/video_2020-03-24_07500_165.jpg,c3c36996361ccb63,5,5,5,5
train_data/5/video_2020-03-24_07500_243.jpg,c3c3699e361cc963,5,5,5,5
train_data/5/video_2020-05-01_03900_202.jpg,c3c3699c363ccc63,5,5,5,5
train_data/5/video_2020-05-01_05400_125.jpg,c3c36b1cb63698c9,5,5,5,5
train_data/5/video_2020-05-01_05400_214.jpg,83c75c982d3c9a67,5,5,5,5
train_data/5/video_2020-05-01_05400_351.jpg,c3c36996361dcb61,5,5,5,5
train_data/5/video_2020-05-01_07500_310.jpg,c3c36f9c362cc961,5,5,5,5
train_data/6/video_2020-03-18_11700_75.jpg,c3c33c9c6b49b236,6,6,6,6
train_data/6/video_2020-03-18_11700_112.jpg,c2ec3c9265ecb392,6,6,6,6
train_data/6/video_2020-03-18_11700_135.jpg,83d658a5565627ad,6,6,6,6
train_data/6/video_2020-03-18_11700_139.jpg,c2c12e9e3d4d6533,6,6,6,6
train_data/6/video_2020-03-18_11700_167.jpg,9c76660855fe2996,6,6,6,6
train_data/6/video_2020-03-18_11700_185.jpg,c1a43e9926e6b999,6,6,6,6
train_data/6/video_2020-03-18_11700_235.jpg,e8a8575f36463439,6,6,6,6
train_data/6/video_2020-03-18_14100_67.jpg,c2c03c9e316df1b3,6,6,6,6
train_data/6/video_2020-03-18_14100_83.jpg,8e8e7133ec5452ec,6,6,6,6
train_data/6/video_2020-03-18_14100_99.jpg,8ecc71ab54d26ca9,6,6,6,6
train_data/6/video_2020-03-18_14100_132.jpg,868679bd624be6a4,6,6,6,6
train_data/6/video_2020-03-18_14100_143.jpg,c3e93c966b493694,6,6,6,6
train_data/6/video_2020-03-18_14100_155.jpg,c3e83c966bc93694,6,6,6,6
train_data/6/video_2020-03-18_14100_163.jpg,9cdc7333005adb6c,6,6,6,6
train_data/6/video_2020-03-18_14100_201.jpg,c3c33c9c6949b636,6,6,6,6
train_data/6/video_2020-03-18_14100_219.jpg,83c318bd5e5a6725,6,6,6,6
train_data/6/video_2020-03-18_14100_231.jpg,c3c13c9e6b49b634,6,6,6,6
train_data/6/video_2020-03-18_15000_53.jpg,c2c13d1e92656d73,6,6,6,6
train_data/6/video_2020-03-18_15000_91.jpg,8ec571ab54d66ca1,6,6,6,6
train_data/6/video_2020-03-18_15000_115.jpg,c3c33c966b493336,6,6,6,6
train_data/6/video_2020-03-18_15000_191.jpg,c7c33898656db2b2,6,6,6,6
train_data/6/video_2020-03-18_16200_187.jpg,c7c73898694d6732,6,6,6,6
train_data/6/video_2020-03-18_18000_27.jpg,c2bd3c92616db392,6,6,6,6
train_data/6/video_2020-03-18_18000_167.jpg,bc65660855fe2996,6,6,6,6
train_data/6/video_2020-03-18_19800_75.jpg,c3c13c9c6b49b336,6,6,6,6
train_data/6/video_2020-03-18_19800_85.jpg,c2c12e9e256db333,6,6,6,6
train_data/6/video_2020-03-18_19800_91.jpg,8edd71a951d46ca1,6,6,6,6
train_data/6/video_2020-03-18_19800_139.jpg,c2c32e9e3d4c6533,6,6,6,6
train_data/6/video_2020-03-18_19800_171.jpg,878778b1666ba6a4,6,6,6,6
train_data/6/video_2020-03-18_19800_191.jpg,c7c73898616db2b2,6,6,6,6
train_data/6/video_2020-03-18_19800_251.jpg,c2c22f1e976d4d61,6,6,6,6
train_data/6/video_2020-03-18_20400_83.jpg,8e8e7133ec5450ed,6,6,6,6
train_data/6/video_2020-03-18_20400_175.jpg,c7c338b86369b2b2,6,6,6,6
train_data/6/video_2020-03-18_20400_208.jpg,c2c32d1e336d4d33,6,6,6,6
train_data/6/video_2020-03-23_03300_293.jpg,c3c33e1c364b4967,6,6,6,6
train_data/6/video_2020-03-23_05400_180.jpg,878678996a5b6b64,6,6,6,6
train_data/6/video_2020-03-23_05400_188.jpg,c7c738986d4d6532,6,6,6,6
train_data/6/video_2020-03-23_05400_200.jpg,8e8e71b37153466c,6,6,6,6
train_data/6/video_2020-03-23_07500_212.jpg,c7e538926de93292,6,6,6,6
train_data/6/video_2020-03-23_17400_142.jpg,c2c12e9e2d6cb333,6,6,6,6
train_data/6/video_2020-03-23_20100_129.jpg,878679b16a5ae6a4,6,6,6,6
train_data/6/video_2020-03-23_20100_248.jpg,c3c33e1cb66b4961,6,6,6,6
train_data/6/video_2020-03-23_20100_298.jpg,c3c33c9c6b496336,6,6,6,6
train_data/6/video_2020-03-23_13800_101.jpg,87ca79b46aca26b4,6,6,6,6
train_data/6/video_2020-03-24_13800_89.jpg,878779b06a5ae6a4,6,6,6,6
train_data/6/video_2020-03-24_13800_105.jpg,8e8e71332953536d,6,6,6,6
train_data/6/video_2020-03-24_13800_121.jpg,c1e93c966bc93694,6,6,6,6
train_data/6/video_2020-03-24_05700_23.jpg,c3c33c9c6b496933,6,6,6,6
train_data/6/video_2020-03-24_05700_283.jpg,d6fa0987294d6d32,6,6,6,6
train_data/6/video_2020-03-24_07500_38.jpg,8e8e71332353536e,6,6,6,6
train_data/6/video_2020-03-24_07500_149.jpg,868e79b46b4be624,6,6,6,6
train_data/6/video_2020-05-01_03900_290.jpg,c3c13c1cb7494b73,6,6,6,6
train_data/6/video_2020-05-01_03900_335.jpg,c3c33c1cb74b4972,6,6,6,6
train_data/6/video_2020-05-01_05400_304.jpg,87867838b46a5b67,6,6,6,6
train_data/6/video_2020-05-01_05400_403.jpg,c3652c9b6d6c3392,6,6,6,6
train_data/6/video_2020-05-01_07500_0.jpg,c3493c966b693696,6,6,6,6
train_data/6/video_2020-05-01_07500_330.jpg,c1c33c1cb74b4973,6,6,6,6
train_data/6/video_2020-05-01_07500_356.jpg,c3c33c1e63696336,6,6,6,6
train_data/7/video_2020-03-18_11700_181.jpg,cf9831e72c343339,7,7,7,7
train_data/7/video_2020-03-18_11700_208.jpg,ca9833e7cd386c26,7,7,7,7
train_data/7/video_2020-03-18_14100_208.jpg,ca9833e7cd296c26,7,7,7,7
train_data/7/video_2020-03-18_15000_49.jpg,9e9364cc7939a4b4,7,7,7,7
train_data/7/video_2020-03-18_15000_67.jpg,cf9932e66c3c2632,7,7,7,7
train_data/7/video_2020-03-18_15000_79.jpg,9e9366ce49396c34,7,7,7,7
train_data/7/video_2020-03-18_15000_164.jpg,9e9364cc79396c34,7,7,7,7
train_data/7/video_2020-03-18_16200_56.jpg,cf9132e76c3c2632,7,7,7,7
train_data/7/video_2020-03-18_16200_67.jpg,cf9832e76c3c2632,7,7,7,7
train_data/7/video_2020-03-18_16200_71.jpg,cb91736e3c363291,7,7,7,7
train_data/7/video_2020-03-18_16200_95.jpg,9e9366ce4939692c,7,7,7,7
train_data/7/video_2020-03-18_16200_103.jpg,969366ce59796c24,7,7,7,7
train_data/7/video_2020-03-18_16200_115.jpg,9e9366ce59496c34,7,7,7,7
train_data/7/video_2020-03-18_16200_135.jpg,98a76ddc72786921,7,7,7,7
train_data/7/video_2020-03-18_17100_94.jpg,92ac49d976716b2a,7,7,7,7
train_data/7/video_2020-03-18_17100_118.jpg,cb9162e73c26363a,7,7,7,7
train_data/7/video_2020-03-18_17100_130.jpg,98a76ddc72786922,7,7,7,7
train_data/7/video_2020-03-18_17100_138.jpg,9eb366cc396c2435,7,7,7,7
train_data/7/video_2020-03-18_17100_146.jpg,9e9332cec939496c,7,7,7,7
train_data/7/video_2020-03-18_17100_158.jpg,9fb665c902027b6b,7,7,7,7
train_data/7/video_2020-03-18_17100_244.jpg,ca9832e7c76c2c66,7,7,7,7
train_data/7/video_2020-03-18_18000_49.jpg,969366cc7939a4b4,7,7,7,7
train_data/7/video_2020-03-18_18000_135.jpg,9a276d5872692d35,7,7,7,7
train_data/7/video_2020-03-18_19800_152.jpg,9eb366ce392c2631,7,7,7,7
train_data/7/video_2020-03-18_19800_180.jpg,9a9366cc79392636,7,7,7,7
train_data/7/video_2020-03-18_20400_76.jpg,8bd875661c23abd4,7,7,1,7
train_data/7/video_2020-03-23_03300_140.jpg,9a9366cc79796432,7,7,7,7
train_data/7/video_2020-03-23_03300_148.jpg,949664cc5b7b486d,7,7,7,7
train_data/7/video_2020-03-23_03300_152.jpg,949664c973736d34,7,7,7,7
train_data/7/video_2020-03-23_03300_160.jpg,cb9833c74d2c6636,7,7,7,7
train_data/7/video_2020-03-23_03300_166.jpg,cdd831e36c2c6633,7,7,7,7
train_data/7/video_2020-03-23_03300_180.jpg,9c9664cc5a736969,7,7,7,7
train_data/7/video_2020-03-23_03300_197.jpg,cb9163e63c26363a,7,7,7,7
train_data/7/video_2020-03-23_03300_206.jpg,cf9831e72c663338,7,7,7,7
train_data/7/video_2020-03-23_05400_150.jpg,cb9932c74c6c6636,7,7,7,7
train_data/7/video_2020-03-23_05400_233.jpg,9e9366ce5b594c24,7,7,7,7
train_data/7/video_2020-03-23_07500_138.jpg,ca9833e73c3c3632,7,7,7,7
train_data/7/video_2020-03-23_17400_98.jpg,cbdc31e12c2e331b,7,7,7,7
train_data/7/video_2020-03-23_20100_105.jpg,9aa46cd9d4765259,7,7,7,7
train_data/7/video_2020-03-23_20100_144.jpg,9633664d3b3d2613,7,7,2,7
train_data/7/video_2020-03-23_20100_148.jpg,949664cc5b7b4969,7,7,7,7
train_data/7/video_2020-03-23_11700_138.jpg,ca9933e73c3c2632,7,7,7,7
train_data/7/video_2020-03-23_11700_152.jpg,949664c973736d25,7,7,7,7
train_data/7/video_2020-03-23_13800_108.jpg,cb9932e7cc386c26,7,7,7,7
train_data/7/video_2020-03-23_13800_288.jpg,9c9666ccca735968,7,7,7,7
train_data/7/video_2020-03-24_03300_126.jpg,9c9664c873236d75,7,7,7,7
train_data/7/video_2020-03-24_03300_194.jpg,cb9133c76c2c6636,7,7,7,7
train_data/7/video_2020-03-24_04200_228.jpg,9e9236cec959496c,7,7,7,7
train_data/7/video_2020-03-24_05700_206.jpg,cf9831e32c263739,7,7,7,7
train_data/7/video_2020-05-01_05400_0.jpg,9eb3664c396c3435,7,7,7,7
train_data/7/video_2020-05-01_05400_64.jpg,9e9232c6cc79596c,7,7,7,7
train_data/7/video_2020-05-01_07500_12.jpg,9e9366ce59596c24,7,7,7,7
train_data/8/video_2020-03-18_11700_129.jpg,83d2391c7d1ce527,8,8,8,8
train_data/8/video_2020-03-18_15000_19.jpg,c2d22dcc3d0db333,8,8,8,8
train_data/8/video_2020-03-18_15000_56.jpg,c2d32d0c3b2df2b2,8,8,8,8
train_data/8/video_2020-03-18_16200_85.jpg,c2d32ccc3d2cb333,8,8,8,8
train_data/8/video_2020-03-18_16200_251.jpg,c2d22d4cdd2d4d33,8,8,8,8
train_data/8/video_2020-03-18_17100_76.jpg,dbdb24a424b1b9b8,8,8,8,8
train_data/8/video_2020-03-18_18000_31.jpg,c2d22d2c332dd1f3,8,8,8,8
train_data/8/video_2020-03-18_19800_193.jpg,c6d2290d337bb332,8,8,8,8
train_data/8/video_2020-03-18_20400_205.jpg,82832cdc3b4df336,8,8,8,8
train_data/8/video_2020-03-23_03300_100.jpg,87e779da7888e680,8,8,8,8
train_data/8/video_2020-03-23_03300_108.jpg,d2d22d4c3d2d4d33,8,8,8,8
train_data/8/video_2020-03-23_03300_128.jpg,9786799978592666,8,8,8,8
train_data/8/video_2020-03-23_03300_132.jpg,9786789978596666,8,8,8,8
train_data/8/video_2020-03-23_03300_173.jpg,83b13cc339cab2dc,8,8,8,8
train_data/8/video_2020-03-23_05400_63.jpg,94d629d87a49b336,8,8,8,8
train_data/8/video_2020-03-23_05400_297.jpg,8787799978586666,8,8,8,8
train_data/8/video_2020-03-23_07500_210.jpg,8282288828082222,8,8,8,8
train_data/8/video_2020-03-23_07500_283.jpg,d6d60dcd290d3732,8,8,8,8
train_data/8/video_2020-03-23_17400_92.jpg,86d2689c694d7673,8,8,8,8
train_data/8/video_2020-03-23_17400_96.jpg,86d238d87b48f336,8,8,8,8
train_data/8/video_2020-03-23_17400_140.jpg,92c72c98396da2b7,8,8,8,8
train_data/8/video_2020-03-23_17400_144.jpg,c6b62cd52a59a374,8,8,8,8
train_data/8/video_2020-03-23_17400_208.jpg,878778d86878a6e6,8,8,8,8
train_data/8/video_2020-03-23_17400_212.jpg,82a228aa28a2a280,8,8,8,8
train_data/8/video_2020-03-23_11700_118.jpg,c2d32d4c3d2d4d33,8,8,8,8
train_data/8/video_2020-03-23_11700_181.jpg,878668986d59f473,8,8,8,8
train_data/8/video_2020-03-23_11700_189.jpg,db9b24a82499b9d9,8,8,8,8
train_data/8/video_2020-03-23_13800_23.jpg,d39679d97b182426,8,8,8,8
train_data/8/video_2020-03-23_13800_146.jpg,c2d22ccd3d2cb333,8,8,8,8
train_data/8/video_2020-03-24_13800_96.jpg,97833dc87a49e326,8,8,8,8
train_data/8/video_2020-03-24_13800_100.jpg,978478d67894e696,8,8,8,8
train_data/8/video_2020-03-24_13800_140.jpg,979238882d3db7a3,8,8,8,8
train_data/8/video_2020-03-24_13800_144.jpg,c6b32cb92af1a619,8,8,8,8
train_data/8/video_2020-03-24_13800_164.jpg,c2d32d4c3f2d4c33,8,8,8,8
train_data/8/video_2020-03-24_13800_192.jpg,86c6794c3b491d76,8,8,8,8
train_data/8/video_2020-03-24_13800_212.jpg,83fb38aa6daab281,8,8,8,8
train_data/8/video_2020-03-24_13800_238.jpg,86866cc83b59f336,8,8,8,8
train_data/8/video_2020-03-24_05700_248.jpg,c392790d843d5977,8,8,8,8
train_data/8/video_2020-03-24_07500_43.jpg,d382394d3f491c67,8,8,8,8
train_data/8/video_2020-05-01_03900_119.jpg,d6863c499c395d33,8,8,8,8
train_data/8/video_2020-05-01_03900_141.jpg,97833cc83329e3b6,8,8,8,8
train_data/8/video_2020-05-01_03900_212.jpg,838738493f495d73,8,8,8,8
train_data/8/video_2020-05-01_03900_217.jpg,8392288d6f597772,8,8,8,8
train_data/8/video_2020-05-01_03900_256.jpg,c1d6688c395c7673,8,8,8,8
train_data/8/video_2020-05-01_05400_74.jpg,d3c33c493d591c66,8,8,8,8
train_data/8/video_2020-05-01_05400_224.jpg,86966dc93a09f336,8,8,8,8
train_data/8/video_2020-05-01_05400_225.jpg,d3832dcc3b09f326,8,8,8,8
train_data/8/video_2020-05-01_05400_236.jpg,868679c93b19f326,8,8,8,8
train_data/8/video_2020-05-01_05400_264.jpg,85d6284d3f495c73,8,8,8,8
train_data/8/video_2020-05-01_05400_284.jpg,87c6395ccc395c36,8,8,8,8
train_data/8/video_2020-05-01_07500_6.jpg,c6c72d587a09b336,8,8,8,8
train_data/8/video_2020-05-01_07500_27.jpg,82932c583b4bf337,8,8,8,8
train_data/8/video_2020-05-01_07500_125.jpg,93c66d49cd790936,8,8,8,8
train_data/8/video_2020-05-01_07500_145.jpg,8196688c3f597673,8,8,8,8
train_data/9/video_2020-03-18_14100_69.jpg,92866da838f9e726,9,9,9,9
train_data/9/video_2020-03-18_14100_109.jpg,dbdb26460106fe39,9,9,9,9
train_data/9/video_2020-03-18_15000_165.jpg,966969343ce3369c,9,9,5,9
train_data/9/video_2020-03-18_16200_45.jpg,92966d683279c736,9,9,9,9
train_data/9/video_2020-03-18_17100_47.jpg,94e969b636c3631c,9,9,9,9
train_data/9/video_2020-03-18_17100_144.jpg,96d669993c996361,9,9,9,9
train_data/9/video_2020-03-18_17100_187.jpg,969669493e1ce363,9,9,9,9
train_data/9/video_2020-03-18_19800_73.jpg,c9b626993be0f10e,9,9,9,9
train_data/9/video_2020-03-18_19800_76.jpg,897476991fe0b946,9,9,9,9
train_data/9/video_2020-03-18_19800_80.jpg,d2c12ccc3f8cf133,9,9,9,9
train_data/9/video_2020-03-18_19800_108.jpg,96c269c93e4ce336,9,9,9,9
train_data/9/video_2020-03-18_20400_113.jpg,dba4249900fbb9c7,9,9,9,9
train_data/9/video_2020-03-18_20400_185.jpg,c9e0269d3fe0b10f,9,9,9,9
train_data/9/video_2020-03-23_03300_33.jpg,96966b493e1cc963,9,9,9,9
train_data/9/video_2020-03-23_03300_297.jpg,97876b5b3818c666,9,9,9,9
train_data/9/video_2020-03-23_05400_193.jpg,969669c93c1cd963,9,9,9,9
train_data/9/video_2020-03-23_05400_214.jpg,d2d36ccc3ecc7130,9,9,9,9
train_data/9/video_2020-03-23_07500_278.jpg,d6d66d0d038bf232,9,9,9,9
train_data/9/video_2020-03-23_17400_206.jpg,c9c126ce3fce3039,9,9,9,9
train_data/9/video_2020-03-23_17400_298.jpg,969469c93e1ce363,9,9,9,9
train_data/9/video_2020-03-23_13800_83.jpg,969769491e1c1ee3,9,9,9,9
train_data/9/video_2020-03-24_13800_63.jpg,969669983ecbe324,9,9,9,9
train_data/9/video_2020-03-24_03300_88.jpg,97876b593039c666,9,9,9,9
train_data/9/video_2020-03-24_03300_100.jpg,96ce6bb838c66638,9,9,9,9
train_data/9/video_2020-03-24_03300_104.jpg,97966b5b30389966,9,9,9,9
train_data/9/video_2020-03-24_03300_108.jpg,d2d22c4c3f0ecd71,9,9,9,9
train_data/9/video_2020-03-24_03300_148.jpg,9696695b3919c666,9,9,9,9
train_data/9/video_2020-03-24_03300_200.jpg,8e8e53d37113cc6c,9,9,9,9
train_data/9/video_2020-03-24_03300_208.jpg,97866b9930d8e666,9,9,9,9
train_data/9/video_2020-03-24_03300_258.jpg,d2d22ccc3f8cf132,9,9,9,9
train_data/9/video_2020-03-24_05700_38.jpg,8e8e51523373936e,9,9,9,9
train_data/9/video_2020-03-24_05700_126.jpg,97866bf93009e666,9,9,9,9
train_data/9/video_2020-03-24_05700_158.jpg,c9a0269e3fe0b11f,9,9,9,9
train_data/9/video_2020-03-24_07500_164.jpg,d2d36c4c3f0ccc71,9,9,9,9
train_data/9/video_2020-03-24_07500_176.jpg,968269c93e8de336,9,9,9,9
train_data/9/video_2020-03-24_07500_204.jpg,d2e02c9e3ee1331e,9,9,9,9
train_data/9/video_2020-03-24_07500_238.jpg,96d469983e8ce336,9,9,9,9
train_data/9/video_2020-05-01_03900_42.jpg,96966949bc3e9c61,9,9,9,9
train_data/9/video_2020-05-01_03900_64.jpg,969669491c3e1de3,9,9,9,9
train_data/9/video_2020-05-01_03900_204.jpg,9693694b3c1ce363,9,9,9,9
train_data/9/video_2020-05-01_03900_377.jpg,96e3691e3cc3631c,9,9,9,9
train_data/9/video_2020-05-01_05400_6.jpg,96c3695c3e4ee324,9,9,9,9
train_data/9/video_2020-05-01_05400_69.jpg,96966b491c3e1ce3,9,9,9,9
train_data/9/video_2020-05-01_05400_140.jpg,96d26949363ce363,9,9,9,9
train_data/9/video_2020-05-01_05400_184.jpg,96c269c93c8de336,9,9,9,9
train_data/9/video_2020-05-01_05400_200.jpg,969769493d1cc963,9,9,9,9
train_data/9/video_2020-05-01_07500_21.jpg,96c6691c3e0ce337,9,9,9,9
train_data/9/video_2020-05-01_07500_314.jpg,969669983e8ce336,9,9,9,9
train_data/12/video_2020-03-18_11700_18.jpg,8000800000800080,12,null,10,10
train_data/12/video_2020-03-18_11700_26.jpg,8080808080808080,12,null,10,10
train_data/12/video_2020-03-18_11700_52.jpg,a9dad1b3a6d480e3,12,null,10,10
train_data/12/video_2020-03-18_11700_267.jpg,8000808000808000,12,null,10,10
train_data/12/video_2020-03-18_14100_59.jpg,a9d4daa8a4d6daa4,12,null,10,10
train_data/12/video_2020-03-18_14100_265.jpg,abc4bbabe1c889a1,12,null,10,10
train_data/12/video_2020-03-18_14100_266.jpg,8000800080000080,12,null,10,10
train_data/12/video_2020-03-18_14100_274.jpg,b200000000808000,12,null,10,10
train_data/12/video_2020-03-18_15000_211.jpg,e9d4ccd2ec94c3a4,12,null,10,10
train_data/12/video_2020-03-18_15000_275.jpg,b232cd4d80cd4d4d,12,null,10,10
train_data/12/video_2020-03-18_15000_276.jpg,adb4f2d2c2c292f8,12,null,10,10
train_data/12/video_2020-03-18_15000_283.jpg,c7d2d28dc8e2adb0,12,null,10,10
train_data/12/video_2020-03-18_16200_282.jpg,b195cc8a9b9aceb0,12,null,10,10
train_data/12/video_2020-03-18_17100_255.jpg,b6fed9d9a1a44604,12,null,10,10
train_data/12/video_2020-03-18_17100_266.jpg,adacd2c5a5a694c9,12,null,10,10
train_data/12/video_2020-03-18_17100_269.jpg,b28dad8ccc8da596,12,null,10,10
train_data/12/video_2020-03-18_18000_59.jpg,aaabd5de88f88889,12,null,10,10
train_data/12/video_2020-03-18_18000_238.jpg,a9cec4d6d4d6c0aa,12,null,10,10
train_data/12/video_2020-03-18_18000_265.jpg,86f98c84d3ec86b9,12,null,10,10
train_data/12/video_2020-03-18_18000_270.jpg,da2d258b2d5bb950,12,null,10,10
train_data/12/video_2020-03-18_18000_282.jpg,b195ceca999bcaa0,12,null,10,10
train_data/12/video_2020-03-18_18000_283.jpg,add8a7d8a59898d2,12,null,10,10
train_data/12/video_2020-03-18_19800_204.jpg,f1e08ce8f8f881e3,12,null,10,10
train_data/12/video_2020-03-18_19800_275.jpg,b2b2cdcd98984d63,12,null,10,10
train_data/12/video_2020-03-18_20400_48.jpg,aaa8d58da2dca9ac,12,null,10,10
train_data/12/video_2020-03-18_20400_226.jpg,bbc4a9b9c4a8a9d4,12,null,10,10
train_data/12/video_2020-03-23_03300_17.jpg,989669689ca7639e,12,null,10,10
train_data/12/video_2020-03-23_03300_67.jpg,a7a76cfca4a46892,12,null,10,10
train_data/12/video_2020-03-23_03300_222.jpg,8080808000008080,12,null,10,10
train_data/12/video_2020-03-23_03300_237.jpg,ced4d446bb1c542b,12,null,10,10
train_data/12/video_2020-03-23_03300_281.jpg,8080008000800000,12,null,10,10
train_data/12/video_2020-03-23_03300_286.jpg,8080000080800000,12,null,10,10
train_data/12/video_2020-03-23_05400_221.jpg,8080808080808000,12,null,10,10
train_data/12/video_2020-03-23_05400_246.jpg,a92b93d32b2b6c64,12,null,10,10
train_data/12/video_2020-03-23_05400_261.jpg,a999cc5abae5460e,12,null,10,10
train_data/12/video_2020-03-23_05400_282.jpg,b3f72309097e7688,12,null,10,10
train_data/12/video_2020-03-23_05400_291.jpg,d3e32c1cd3e32316,12,null,10,10
train_data/12/video_2020-03-23_07500_21.jpg,8000000000008080,12,null,10,10
train_data/12/video_2020-03-23_07500_26.jpg,8080008000008080,12,null,10,10
train_data/12/video_2020-03-23_07500_31.jpg,8080808000000000,12,null,10,10
train_data/12/video_2020-03-23_07500_56.jpg,8000800080008000,12,null,10,10
train_data/12/video_2020-03-23_07500_57.jpg,86335b5e1b1b5e06,12,null,10,10
train_data/12/video_2020-03-23_07500_77.jpg,9cb9c65a4e564e4c,12,null,10,10
train_data/12/video_2020-03-23_07500_236.jpg,d69247d8b2d818ed,12,null,10,10
train_data/12/video_2020-03-23_07500_246.jpg,b63626e6cd1919cc,12,null,10,10
train_data/12/video_2020-03-23_07500_256.jpg,8080000000008080,12,null,10,10
train_data/12/video_2020-03-23_07500_276.jpg,8000000080008000,12,null,10,10
train_data/12/video_2020-03-23_07500_282.jpg,bc835c23c49b2dd6,12,null,10,10
train_data/12/video_2020-03-23_17400_221.jpg,c4c49793d6562b2b,12,null,10,10
train_data/12/video_2020-03-23_20100_77.jpg,a16c93936c6e9393,12,null,10,10
train_data/12/video_2020-03-23_20100_82.jpg,8f8d2cd66c6256d2,12,null,10,10
train_data/12/video_2020-03-23_20100_236.jpg,8000008080008000,12,null,10,10
train_data/12/video_2020-03-23_20100_271.jpg,93936c6e93036e1b,12,null,10,10
train_data/12/video_2020-03-23_11700_22.jpg,d4ab4454bb6c54b9,12,null,10,10
train_data/12/video_2020-03-23_11700_42.jpg,8080008080808000,12,null,10,10
train_data/12/video_2020-03-23_11700_85.jpg,c23dc6c2b93dc25a,12,null,10,10
train_data/12/video_2020-03-23_11700_229.jpg,ac5323ec52a9de34,12,null,10,10
train_data/12/video_2020-03-23_11700_280.jpg,8000008080000080,12,null,10,10
train_data/12/video_2020-03-23_13800_12.jpg,a7989852a53d3da9,12,null,10,10
train_data/12/video_2020-03-23_13800_37.jpg,8eb0dadebc86d881,12,null,10,10
train_data/12/video_2020-03-23_13800_72.jpg,f3ec13136c7c1389,12,null,10,10
train_data/12/video_2020-03-23_13800_276.jpg,da5aadf40bf014e8,12,null,10,10
train_data/12/video_2020-03-23_13800_281.jpg,ad01ecfe116ce613,12,null,10,10
train_data/12/video_2020-03-23_13800_291.jpg,999b1396332da94e,12,null,10,10
train_data/12/video_2020-03-24_13800_62.jpg,8f8f78788a78708b,12,null,10,10
train_data/12/video_2020-03-24_13800_226.jpg,8080000080008000,12,null,10,10
train_data/12/video_2020-03-24_13800_237.jpg,b7a4ece843a36139,12,null,10,10
train_data/12/video_2020-03-24_13800_261.jpg,b9b9f456f629c801,12,null,10,10
train_data/12/video_2020-03-24_03300_241.jpg,bb3bc4c43b2bc4c4,12,null,10,10
train_data/12/video_2020-03-24_03300_267.jpg,b48686b4fc8b8cbc,12,null,10,10
train_data/12/video_2020-03-24_04200_77.jpg,93542babd4542bab,12,null,10,10
train_data/12/video_2020-03-24_04200_221.jpg,d9da492dc9612d96,12,null,10,10
train_data/12/video_2020-03-24_04200_261.jpg,8080800080800000,12,null,10,10
train_data/12/video_2020-03-24_05700_62.jpg,93132ce51bccf11b,12,null,10,10
train_data/12/video_2020-03-24_05700_72.jpg,a929d64c69dc09cf,12,null,10,10
train_data/12/video_2020-03-24_05700_276.jpg,ecec0392670da35e,12,null,10,10
train_data/12/video_2020-03-24_07500_216.jpg,a9d26cb950ee19b4,12,null,10,10
train_data/12/video_2020-03-24_07500_286.jpg,edace993d9131960,12,null,10,10
train_data/12/video_2020-03-24_07500_291.jpg,8000000000808000,12,null,10,10
train_data/12/video_2020-05-01_05400_7.jpg,b6f80707f80707f8,12,null,10,10
train_data/12/video_2020-05-01_05400_28.jpg,b24db2b24d4db2b2,12,null,10,10
train_data/12/video_2020-05-01_05400_31.jpg,adad43e3e1494363,12,null,10,10
train_data/12/video_2020-05-01_05400_283.jpg,92137c3ed9746934,12,null,10,10
train_data/12/video_2020-05-01_05400_333.jpg,add39e29ce926609,12,null,10,10
train_data/12/video_2020-05-01_05400_369.jpg,abbb8c53a91b4453,12,null,10,10
train_data/12/video_2020-05-01_05400_396.jpg,c7d878a4a652c38f,12,null,10,10
train_data/12/video_2020-05-01_07500_1.jpg,93532c99c32eb953,12,null,10,10
train_data/12/video_2020-05-01_07500_7.jpg,8768929f8d7a52d8,12,null,10,10
train_data/12/video_2020-05-01_07500_22.jpg,b232cdcd3236cd32,12,null,10,10
train_data/12/video_2020-05-01_07500_31.jpg,878778f807877878,12,null,10,10
train_data/12/video_2020-05-01_07500_43.jpg,a7f812a7b05af0b8,12,null,10,10
train_data/12/video_2020-05-01_07500_298.jpg,bb3bc4c43bc4c42b,12,null,10,10
train_data/12/video_2020-05-01_07500_343.jpg,89d627f69658d82c,12,null,10,10
train_data/12/video_2020-05-01_07500_354.jpg,b2d25af2252d2d36,12,null,10,10
train_data/12/video_2020-05-01_07500_384.jpg,87f88713f8878378,12,null,10,10
